{
  "id": "1554478",
  "name": "美团menu",
  "font_family": "iconfont",
  "css_prefix_text": "icon-",
  "description": "",
  "glyphs": [
    {
      "icon_id": "400777",
      "name": "food",
      "font_class": "food",
      "unicode": "e728",
      "unicode_decimal": 59176
    },
    {
      "icon_id": "436366",
      "name": "美发",
      "font_class": "40",
      "unicode": "e628",
      "unicode_decimal": 58920
    },
    {
      "icon_id": "1380045",
      "name": "外卖",
      "font_class": "icon-test",
      "unicode": "e622",
      "unicode_decimal": 58914
    },
    {
      "icon_id": "2767704",
      "name": "酒店",
      "font_class": "icon-",
      "unicode": "e647",
      "unicode_decimal": 58951
    },
    {
      "icon_id": "3858023",
      "name": "民宿",
      "font_class": "minsu_",
      "unicode": "e644",
      "unicode_decimal": 58948
    },
    {
      "icon_id": "6176554",
      "name": "服务",
      "font_class": "fuwu",
      "unicode": "e61e",
      "unicode_decimal": 58910
    },
    {
      "icon_id": "6641410",
      "name": "猫",
      "font_class": "mao",
      "unicode": "e69e",
      "unicode_decimal": 59038
    },
    {
      "icon_id": "7550294",
      "name": "酒店",
      "font_class": "jiudian",
      "unicode": "e6a0",
      "unicode_decimal": 59040
    },
    {
      "icon_id": "7791035",
      "name": "娱乐",
      "font_class": "yule",
      "unicode": "e7f1",
      "unicode_decimal": 59377
    },
    {
      "icon_id": "13167249",
      "name": "机票",
      "font_class": "jipiao",
      "unicode": "e70d",
      "unicode_decimal": 59149
    },
    {
      "icon_id": "1148924",
      "name": "右",
      "font_class": "zuo",
      "unicode": "e618",
      "unicode_decimal": 58904
    },
    {
      "icon_id": "11820264",
      "name": "科普教育",
      "font_class": "kepujiaoyu",
      "unicode": "e607",
      "unicode_decimal": 58887
    },
    {
      "icon_id": "11820265",
      "name": "党务",
      "font_class": "dangwu",
      "unicode": "e608",
      "unicode_decimal": 58888
    },
    {
      "icon_id": "11911183",
      "name": "楼宇说事",
      "font_class": "louyushuoshi",
      "unicode": "e609",
      "unicode_decimal": 58889
    },
    {
      "icon_id": "11911184",
      "name": "社区说事",
      "font_class": "shequshuoshi",
      "unicode": "e60a",
      "unicode_decimal": 58890
    },
    {
      "icon_id": "11911185",
      "name": "区域说事",
      "font_class": "quyushuoshi",
      "unicode": "e60b",
      "unicode_decimal": 58891
    },
    {
      "icon_id": "11911186",
      "name": "说事规则",
      "font_class": "shuoshiguize",
      "unicode": "e60c",
      "unicode_decimal": 58892
    },
    {
      "icon_id": "11911187",
      "name": "小区说事",
      "font_class": "xiaoqushuoshi",
      "unicode": "e60d",
      "unicode_decimal": 58893
    },
    {
      "icon_id": "11931741",
      "name": "服务规则",
      "font_class": "fuwuguize",
      "unicode": "e60e",
      "unicode_decimal": 58894
    },
    {
      "icon_id": "11931742",
      "name": "社工应答",
      "font_class": "shegongyingda",
      "unicode": "e60f",
      "unicode_decimal": 58895
    },
    {
      "icon_id": "11931743",
      "name": "志愿招募",
      "font_class": "zhiyuanzhaomu",
      "unicode": "e610",
      "unicode_decimal": 58896
    },
    {
      "icon_id": "11931744",
      "name": "服务团队",
      "font_class": "fuwutuandui",
      "unicode": "e611",
      "unicode_decimal": 58897
    },
    {
      "icon_id": "11931745",
      "name": "服务需求",
      "font_class": "fuwuxuqiu",
      "unicode": "e612",
      "unicode_decimal": 58898
    },
    {
      "icon_id": "11932850",
      "name": "媒体发布",
      "font_class": "meitifabu",
      "unicode": "e613",
      "unicode_decimal": 58899
    },
    {
      "icon_id": "11932851",
      "name": "活动展示",
      "font_class": "huodongzhanshi",
      "unicode": "e614",
      "unicode_decimal": 58900
    },
    {
      "icon_id": "11932852",
      "name": "才艺展示",
      "font_class": "caiyizhanshi",
      "unicode": "e615",
      "unicode_decimal": 58901
    },
    {
      "icon_id": "11932853",
      "name": "团建信息",
      "font_class": "tuanjianxinxi",
      "unicode": "e616",
      "unicode_decimal": 58902
    },
    {
      "icon_id": "11932854",
      "name": "展示规则",
      "font_class": "zhanshiguize",
      "unicode": "e617",
      "unicode_decimal": 58903
    }
  ]
}
